model_name,run_id,population,threshold_type,spike_threshold,actual_spikes,predicted_spikes,spike_precision,spike_recall,spike_f1,spike_mae,spike_wmape
Persistence,persistence_v1,ELIGIBLE,FROZEN_PRE_SHIFT,101.895,230,344,0.3721,0.5565,0.446,65.6898,0.4388
Persistence,persistence_v1,POOLED,FROZEN_PRE_SHIFT,101.895,406,405,0.4074,0.4064,0.4069,61.533,0.4296
Persistence,persistence_v1,ELIGIBLE,LEAKED_POST_SHIFT,123.641,126,188,0.3404,0.5079,0.4076,93.0369,0.5116
Ridge,ridge_reg_v1,ELIGIBLE,FROZEN_PRE_SHIFT,101.895,230,83,0.8193,0.2957,0.4345,57.9711,0.3872
Ridge,ridge_reg_v1,POOLED,FROZEN_PRE_SHIFT,101.895,406,94,0.8085,0.1872,0.304,58.5307,0.4086
Ridge,ridge_reg_v1,ELIGIBLE,LEAKED_POST_SHIFT,123.641,126,28,1.0,0.2222,0.3636,86.5545,0.476
RandomForest,random_forest_v1,ELIGIBLE,FROZEN_PRE_SHIFT,101.895,230,107,0.6916,0.3217,0.4392,54.6249,0.3649
RandomForest,random_forest_v1,POOLED,FROZEN_PRE_SHIFT,101.895,406,119,0.6975,0.2044,0.3162,55.554,0.3878
RandomForest,random_forest_v1,ELIGIBLE,LEAKED_POST_SHIFT,123.641,126,48,0.8958,0.3413,0.4943,81.369,0.4474
HistGradientBoosting,hist_gradient_boosting_v1,ELIGIBLE,FROZEN_PRE_SHIFT,101.895,230,100,0.75,0.3261,0.4545,58.6638,0.3918
HistGradientBoosting,hist_gradient_boosting_v1,POOLED,FROZEN_PRE_SHIFT,101.895,406,111,0.7477,0.2044,0.3211,58.6365,0.4093
HistGradientBoosting,hist_gradient_boosting_v1,ELIGIBLE,LEAKED_POST_SHIFT,123.641,126,26,0.8077,0.1667,0.2763,86.9986,0.4784
