model_name,run_id,zone,regime,MAE,RMSE,WMAPE,R2,count
Persistence,persistence_v1,NP15,NORMAL,9.7311,14.4966,0.1491,-0.0108,821
Persistence,persistence_v1,NP15,VOLATILE,13.4965,21.3832,0.1998,-1.0236,436
Persistence,persistence_v1,NP15,SPIKE,68.0295,90.3238,0.4453,-1.386,99
Persistence,persistence_v1,SP15,NORMAL,10.1444,15.5033,0.1558,-0.1763,903
Persistence,persistence_v1,SP15,VOLATILE,12.6788,21.4101,0.1882,-1.1106,501
Persistence,persistence_v1,SP15,SPIKE,62.0281,79.8064,0.4237,-1.679,89
Persistence,persistence_v1,ZP26,NORMAL,10.3767,14.931,0.1587,-0.1,502
Persistence,persistence_v1,ZP26,VOLATILE,13.0332,20.4869,0.1922,-0.8501,282
Persistence,persistence_v1,ZP26,SPIKE,67.9343,105.1528,0.4544,-0.9905,42
Ridge,ridge_reg_v1,NP15,NORMAL,8.4923,10.9254,0.1301,0.4259,821
Ridge,ridge_reg_v1,NP15,VOLATILE,9.3322,11.8555,0.1382,0.378,436
Ridge,ridge_reg_v1,NP15,SPIKE,60.9612,85.9607,0.399,-1.1611,99
Ridge,ridge_reg_v1,SP15,NORMAL,8.6063,11.1107,0.1322,0.3958,903
Ridge,ridge_reg_v1,SP15,VOLATILE,8.6614,11.5988,0.1286,0.3806,501
Ridge,ridge_reg_v1,SP15,SPIKE,51.6464,72.3747,0.3528,-1.2033,89
Ridge,ridge_reg_v1,ZP26,NORMAL,8.7418,11.0652,0.1337,0.3959,502
Ridge,ridge_reg_v1,ZP26,VOLATILE,8.5607,11.4207,0.1262,0.4251,282
Ridge,ridge_reg_v1,ZP26,SPIKE,64.3252,103.4083,0.4303,-0.925,42
RandomForest,random_forest_v1,NP15,NORMAL,9.4948,11.9628,0.1455,0.3117,821
RandomForest,random_forest_v1,NP15,VOLATILE,11.1072,13.7617,0.1644,0.1619,436
RandomForest,random_forest_v1,NP15,SPIKE,57.8734,83.9436,0.3788,-1.0609,99
RandomForest,random_forest_v1,SP15,NORMAL,9.5386,12.1452,0.1465,0.2781,903
RandomForest,random_forest_v1,SP15,VOLATILE,10.5904,13.8585,0.1572,0.1157,501
RandomForest,random_forest_v1,SP15,SPIKE,47.5857,70.4053,0.325,-1.085,89
RandomForest,random_forest_v1,ZP26,NORMAL,9.7712,12.272,0.1494,0.2569,502
RandomForest,random_forest_v1,ZP26,VOLATILE,10.3742,13.5327,0.153,0.1927,282
RandomForest,random_forest_v1,ZP26,SPIKE,61.8838,101.8947,0.414,-0.869,42
HistGradientBoosting,hist_gradient_boosting_v1,NP15,NORMAL,9.2239,11.8641,0.1413,0.323,821
HistGradientBoosting,hist_gradient_boosting_v1,NP15,VOLATILE,10.2206,12.9168,0.1513,0.2616,436
HistGradientBoosting,hist_gradient_boosting_v1,NP15,SPIKE,61.7694,87.0184,0.4043,-1.2146,99
HistGradientBoosting,hist_gradient_boosting_v1,SP15,NORMAL,9.0888,11.6494,0.1396,0.3358,903
HistGradientBoosting,hist_gradient_boosting_v1,SP15,VOLATILE,10.0832,13.5889,0.1497,0.1498,501
HistGradientBoosting,hist_gradient_boosting_v1,SP15,SPIKE,51.9706,73.9367,0.355,-1.2994,89
HistGradientBoosting,hist_gradient_boosting_v1,ZP26,NORMAL,9.2462,11.6646,0.1414,0.3287,502
HistGradientBoosting,hist_gradient_boosting_v1,ZP26,VOLATILE,9.7529,12.8328,0.1438,0.2741,282
HistGradientBoosting,hist_gradient_boosting_v1,ZP26,SPIKE,65.5267,103.8291,0.4383,-0.9407,42
