model_name,run_id,regime,MAE,RMSE,WMAPE,R2,count
Persistence,persistence_v1,NORMAL,10.0444,15.0095,0.154,-0.0974,2226
Persistence,persistence_v1,VOLATILE,13.0532,21.1904,0.1933,-1.0173,1219
Persistence,persistence_v1,SPIKE,65.6898,89.4166,0.4388,-1.3417,230
Ridge,ridge_reg_v1,NORMAL,8.5948,11.0324,0.1317,0.4071,2226
Ridge,ridge_reg_v1,VOLATILE,8.878,11.6506,0.1315,0.3902,1219
Ridge,ridge_reg_v1,SPIKE,57.9711,84.6179,0.3872,-1.0971,230
RandomForest,random_forest_v1,NORMAL,9.5749,12.1071,0.1468,0.286,2226
RandomForest,random_forest_v1,VOLATILE,10.7252,13.7491,0.1588,0.1507,1219
RandomForest,random_forest_v1,SPIKE,54.6249,82.7473,0.3649,-1.0054,230
HistGradientBoosting,hist_gradient_boosting_v1,NORMAL,9.1741,11.7325,0.1406,0.3295,2226
HistGradientBoosting,hist_gradient_boosting_v1,VOLATILE,10.0559,13.1782,0.1489,0.2198,1219
HistGradientBoosting,hist_gradient_boosting_v1,SPIKE,58.6638,85.6931,0.3918,-1.1507,230
